[ {
  "uid" : "a3e4319f979ab553",
  "name" : ".Users.Yoson.Desktop.jenkins_project_xx_11.scripts.test_login.TestLogin.test_login4",
  "time" : {
    "start" : 1559290194350,
    "stop" : 1559290194351,
    "duration" : 1
  },
  "status" : "passed",
  "severity" : "normal"
}, {
  "uid" : "338b73712868d308",
  "name" : ".Users.Yoson.Desktop.jenkins_project_xx_11.scripts.test_login.TestLogin.test_login2",
  "time" : {
    "start" : 1559290194263,
    "stop" : 1559290194347,
    "duration" : 84
  },
  "status" : "failed",
  "severity" : "normal"
}, {
  "uid" : "decff31ebde4e4",
  "name" : ".Users.Yoson.Desktop.jenkins_project_xx_11.scripts.test_login.TestLogin.test_login1",
  "time" : {
    "start" : 1559290194255,
    "stop" : 1559290194263,
    "duration" : 8
  },
  "status" : "passed",
  "severity" : "normal"
}, {
  "uid" : "95472ee16d9c9e0e",
  "name" : ".Users.Yoson.Desktop.jenkins_project_xx_11.scripts.test_login.TestLogin.test_login3",
  "time" : {
    "start" : 1559290194348,
    "stop" : 1559290194349,
    "duration" : 1
  },
  "status" : "passed",
  "severity" : "normal"
} ]