{
  "uid" : "b1a8273437954620fa374b796ffaacdd",
  "name" : "behaviors",
  "children" : [ {
    "name" : ".Users.Yoson.Desktop.jenkins_project_xx_11.scripts.test_login.TestLogin.test_login1",
    "uid" : "decff31ebde4e4",
    "parentUid" : "b1a8273437954620fa374b796ffaacdd",
    "status" : "passed",
    "time" : {
      "start" : 1559290194255,
      "stop" : 1559290194263,
      "duration" : 8
    },
    "flaky" : false,
    "parameters" : [ ]
  }, {
    "name" : ".Users.Yoson.Desktop.jenkins_project_xx_11.scripts.test_login.TestLogin.test_login2",
    "uid" : "338b73712868d308",
    "parentUid" : "b1a8273437954620fa374b796ffaacdd",
    "status" : "failed",
    "time" : {
      "start" : 1559290194263,
      "stop" : 1559290194347,
      "duration" : 84
    },
    "flaky" : false,
    "parameters" : [ ]
  }, {
    "name" : ".Users.Yoson.Desktop.jenkins_project_xx_11.scripts.test_login.TestLogin.test_login3",
    "uid" : "95472ee16d9c9e0e",
    "parentUid" : "b1a8273437954620fa374b796ffaacdd",
    "status" : "passed",
    "time" : {
      "start" : 1559290194348,
      "stop" : 1559290194349,
      "duration" : 1
    },
    "flaky" : false,
    "parameters" : [ ]
  }, {
    "name" : ".Users.Yoson.Desktop.jenkins_project_xx_11.scripts.test_login.TestLogin.test_login4",
    "uid" : "a3e4319f979ab553",
    "parentUid" : "b1a8273437954620fa374b796ffaacdd",
    "status" : "passed",
    "time" : {
      "start" : 1559290194350,
      "stop" : 1559290194351,
      "duration" : 1
    },
    "flaky" : false,
    "parameters" : [ ]
  } ]
}