{
  "7c44d9cfc4b893efffb443bda5d910ee" : {
    "statistic" : {
      "failed" : 0,
      "broken" : 0,
      "skipped" : 0,
      "passed" : 1,
      "unknown" : 0,
      "total" : 1
    },
    "items" : [ {
      "uid" : "a3e4319f979ab553",
      "status" : "passed",
      "time" : {
        "start" : 1559290194350,
        "stop" : 1559290194351,
        "duration" : 1
      }
    } ]
  },
  "9deef15b27635610637f78fc5b1ab2a3" : {
    "statistic" : {
      "failed" : 0,
      "broken" : 0,
      "skipped" : 0,
      "passed" : 1,
      "unknown" : 0,
      "total" : 1
    },
    "items" : [ {
      "uid" : "decff31ebde4e4",
      "status" : "passed",
      "time" : {
        "start" : 1559290194255,
        "stop" : 1559290194263,
        "duration" : 8
      }
    } ]
  },
  "d51157d585c288325227ce84ccf1f4e4" : {
    "statistic" : {
      "failed" : 1,
      "broken" : 0,
      "skipped" : 0,
      "passed" : 0,
      "unknown" : 0,
      "total" : 1
    },
    "items" : [ {
      "uid" : "338b73712868d308",
      "status" : "failed",
      "statusDetails" : "AssertionError: assert 0",
      "time" : {
        "start" : 1559290194263,
        "stop" : 1559290194347,
        "duration" : 84
      }
    } ]
  },
  "810c513552bf26cd807cee43f501982e" : {
    "statistic" : {
      "failed" : 0,
      "broken" : 0,
      "skipped" : 0,
      "passed" : 1,
      "unknown" : 0,
      "total" : 1
    },
    "items" : [ {
      "uid" : "95472ee16d9c9e0e",
      "status" : "passed",
      "time" : {
        "start" : 1559290194348,
        "stop" : 1559290194349,
        "duration" : 1
      }
    } ]
  }
}